{"relaxed_threshold": 15.73892921319516, "concentration_threshold": 37.80654339353999, "final_threshold": 32.772736303367573}